{"epoch": 10, "train_loss": 2.266095314025879, "valid_loss": 2.2326955795288086, "train_acc": 17.677207946777344, "valid_acc": 19.55000114440918, "_timestamp": 1712444925.5834174, "_runtime": 248.32202744483948, "_step": 9, "_wandb": {"runtime": 247}}