{"epoch": 10, "train_loss": 2.252933101048545, "valid_loss": 2.2746872901916504, "train_acc": 18.027252197265625, "valid_acc": 18.750001907348633, "_timestamp": 1712452133.2796128, "_runtime": 242.0791518688202, "_step": 9, "_wandb": {"runtime": 241}}