{"epoch": 8, "train_loss": 2.3025843277573586, "valid_loss": 2.3025853633880615, "train_acc": 10.0387544631958, "valid_acc": 9.700000762939453, "_timestamp": 1712445140.6370876, "_runtime": 203.38012862205505, "_step": 7, "_wandb": {"runtime": 221}}