{"epoch": 10, "train_loss": 2.244405158996582, "valid_loss": 2.2517452239990234, "train_acc": 18.65233039855957, "valid_acc": 19.450000762939453, "_timestamp": 1712448481.2675204, "_runtime": 249.90719032287598, "_step": 9, "_wandb": {"runtime": 248}}