{"epoch": 10, "train_loss": 2.277134023666382, "valid_loss": 2.2990024089813232, "train_acc": 14.1892728805542, "valid_acc": 13.000000953674316, "_timestamp": 1712444304.73971, "_runtime": 609.2771379947662, "_step": 9, "_wandb": {"runtime": 608}}