{"epoch": 15, "train_loss": 1.9921391105651856, "valid_loss": 1.9129323959350586, "train_acc": 47.89348602294922, "valid_acc": 37.500003814697266, "_timestamp": 1712451328.4676447, "_runtime": 340.23046469688416, "_step": 14, "_wandb": {"runtime": 339}}