{"epoch": 10, "train_loss": 2.1508801778157554, "valid_loss": 2.1081087589263916, "train_acc": 30.178770065307617, "valid_acc": 30.950000762939453, "_timestamp": 1712443682.339321, "_runtime": 246.5614058971405, "_step": 9, "_wandb": {"runtime": 245}}