{"epoch": 10, "train_loss": 2.2519652862548827, "valid_loss": 2.272745370864868, "train_acc": 17.97724723815918, "valid_acc": 18.05000114440918, "_timestamp": 1712449161.3832188, "_runtime": 252.19019770622253, "_step": 9, "_wandb": {"runtime": 251}}