{"epoch": 20, "train_loss": 2.2619168304261708, "valid_loss": 2.273632049560547, "train_acc": 14.914363861083984, "valid_acc": 14.600001335144043, "_timestamp": 1712448188.859264, "_runtime": 1006.1457278728485, "_step": 19, "_wandb": {"runtime": 1005}}